@mpr,18
@wpr,18
@mprnews,14
@SCPublicRadio,8
@iowapublicradio,8
@mygpb,8
@jprnews,8
@mpbonline,7
@capradionews,7
@wumbradio,7
@ncpr,7
@WYpublicradio,6
@kcrw,6
@AZPubRadio,5
@wvpublic,5
@prairiepublic,5
@hppr,5
@copublicradio,5
@publicradioeast,5
@wunc,5
@wnpr,4
@rrrpublicradio,4
@WPLN,4
@kprnews,4
@wkupublicradio,4
@opb,4
@SoDakPB,4
@keratx,4
@INPublicRadio,4
@wned,4
@kcbxfm,3
@IPRNewsRadio,3
@wnijnews,3
@ripr,3
@willpublicmedia,3
@wcmunews,3
@wwno,3
@coastradio,3
@mtpublicradio,3
@mtnradio,3
@wfcr885,3
@knprnews,3
@ksmu,3
@tprnews,3
@COPublicRadio,3
@Alpublicradio,3
@kyuknews,3
@cprclassical,3
@nhpr,3
@woub,3
@mainepublic,3
@wbfo,3
@gpbsavannah,2
@wtipradio,2
@klcceugeneor,2
@wsiuradio,2
@renopublicradio,2
@classicalkusc,2
@wshupublicradio,2
@wrkf,2
@KENWpublicmedia,2
@kxcvkrnw,2
@utahpublicradio,2
@wcai_npr,2
@kbsu903,2
@wscl_wsdl,2
@kdnkradio,2
@michiganradio,2
@krvsmedia,2
@vprnet,2
@troypublicradio,2
@kawc,2
@aspenpubradio,2
@wearehpr,2
@tristatespr,2
@wusf,2
@917wvxu,2
@ksut,2
@nsprnews,2
@radiokansas,2
@gpbnews,2
@kedmpublicradio,2
@kclulive,2
@WGVUPublicMedia,2
@stlpublicradio,2
@wetatvfm,2
@wfsumedia,2
@wkar,2
@wxpnfm,2
@kwitkoji,2
@kpcc,2
@WKGCNews,2
@MainePublic,2
@kunc,2
@wnyc,2
@wcny,2
@news_bpr,2
@azpm,2
@WEOSmorning,2
@WSKG,2
@nwptv,2
@wosu,2
@kchuradio,2
@kpbsnews,2
@kvpr,2
@kvnfradio,2
@kttz,2
@905wesa,2
@WXXInews,2
@wwfmclassical,1
@kqed,1
@WPSU,1
@wbur,1
@wdav,1
@wnku,1
@wuwf,1
@ktrlradio,1
@kanwfm,1
@whqr,1
@nwpbclassical,1
@909WGUC,1
@RadioMilwaukee,1
@krps899,1
@wdet,1
@KAXE,1
@WHILFM,1
@WBHM903,1
@KACU895,1
@hot91,1
@kuaf,1
@kdlgradio,1
@stgeorgechamber,1
@WNMU,1
@WBHM,1
@wurc881,1
@wrurfm,1
@KGLPradio,1
@wxeltv,1
@wuky,1
@TheWVKC,1
@wabenews,1
@byuidahoradio,1
@wrvs899,1
@MichiganRadio,1
@krcbtv22,1
@pickle_hill,1
@wviatvfm,1
@rsuradio,1
@kbia,1
@kosuradio,1
@wsiutv,1
@KCCURadio,1
@wbaaradio,1
@TRFRADIO,1
@MPBNnews,1
@wfyi,1
@KNBA,1
@WXXIrochester,1
@kstkradio,1
@kzyzfm,1
@NETNebraska,1
@WYEP,1
@wvof885,1
@WRTImusic,1
@WBUR,1
@kcsmjazz91,1
@kuarpublicradio,1
@wtmd,1
@WYSO,1
@wsie887thesound,1
@kfainews,1
@PublicRadio88FM,1
@kbmc,1
@kiosomaha,1
@889fmwsha,1
@WHRO,1
@wrfgatlanta,1
@wuwmradio,1
@Uva_Wise,1
@wrstfm,1
@WITF,1
@KNTU881,1
@wboi,1
@KPFK,1
@wmnf,1
@KWGSNEWS,1
@wrni,1
@wqqq,1
@wvikfm,1
@kwouonline,1
@WLIU_BK,1
@ketrradio,1
@WFETradio,1
@krwg,1
@951rocks,1
@wkms,1
@krzaradio,1
@WCBURadio,1
@scetv,1
@wjctjax,1
@wrvg,1
@kcmpnews,1
@wucftv,1
@WYSU,1
@kuow,1
@KAMUTVFM,1
@995wcrb,1
@WLRH_893FMHD,1
@wmuk1021,1
@WLJS_919,1
@wncw,1
@WVFTRADIOIQ,1
@TTBook,1
@WCPN,1
@wqed,1
@msuradio_wmsv,1
@KUT,1
@sprlocalnews,1
@talk1073,1
@KTOOpubmedia,1
@wfplnews,1
@905khsu,1
@wrfwfm,1
@xfsrfrostburg,1
@wdnaradio,1
@wouc,1
@kicwtv,1
@kabrradio,1
@ravenradio,1
@WQLN,1
@radio905,1
@radioupr,1
@wojb,1
@WOSU,1
@WQEDFM,1
@881TheOne,1
@ksjdradio,1
@WESUmiddletown,1
@89point5_KSKO,1
@wemu891,1
@WJAB-TV,1
@WKNOFM,1
@KCPWRadio,1
@HoustonPubMedia,1
@kacu895,1
@KPVU913FM,1
@scpr,1
@kbutradio,1
@classicalwniu,1
@wtgepublic,1
@WSDHradio,1
@kopnfm,1
@wcpe,1
@KPLUpr,1
@909thebridge,1
@WUTC_FM,1
@knkxfm,1
@classicalKUSC,1
@WMLUradio,1
@KOSURadio,1
@KRBDRadio,1
@wlrn,1
@kvlatv,1
@ktna,1
@WNIN,1
@kzumradio,1
@INpublicradio,1
@WDCBnews,1
@kcur,1
@wecsfm,1
@kccuradio,1
@KEYApublicradio,1
@TROYUNews,1
@kjzzphoenix,1
@koto_radio,1
@wgcu,1
@kgltfm,1
@KUER_FM,1
@KCPW,1
@WRUVFM,1
@gpbradioaugusta,1
@kusforg,1
@913KVLU,1
@gpbmacon,1
@wjsu885,1
@wfae,1
@wdde,1
@waer883,1
@KFSK1,1
@kspc,1
@wncu,1
@KHNS_FM,1
@wypf881fm,1
@kslutwitter,1
@WKSU,1
@wgbh,1
@wppb,1
@KMHD_JAZZ_Radio,1
@wfpk,1
@WOSO1030AM,1
@wfiu,1
@WBNI941,1
@wpsu,1
@wqcsnews,1
@KWBU,1
@kgounews,1
@wispublictv,1
@kumd1033fm,1
@tprclassical,1
@iprnewsradio,1
@kuvojazz,1
@WMACradio,1
@WAMCradio,1
@kprgfm,1
@wypr881FM,1
@KBBINews,1
@903kazu,1
@ktep885fm,1
@MPBNews,1
@WETSFM,1
@wbgo,1
@wskv,1
@wuftnews,1
@wgltnews,1
@wuol,1
@wmhtpubmedia,1
@wamcradio,1
@wvpe,1
@KUCBNews,1
@kunmnews,1
@kvcr_tvfm,1
@YourKEDT,1
@kska,1
@91krvm,1
@KNMCradio,1
@kbbgradio,1
@wcvy915,1
@WRVO,1
@KLCCEugeneOR,1
@kuacfmtv,1
@WVUB,1
@wfit895fm,1
@KDPRknows,1
@wfsu,1
@classicalmpr,1
@wrcucolgate,1
@kbaq,1
@ClassicalKDFC,1
@ksbanews,1
@fredoniaradio,1
@KRCLradio,1
@kbemfm,1
@kxwt,1
@kusp,1
@wkhsradio,1
@WKUF943,1
@keranews,1
@885fmsocal,1
@centenary_nj,1
@kmxtnews,1
@wqub,1
@kzyxmusic,1
@wbez,1
@wausfm,1
@krcc,1
@kmsutwitter,1
@WICN905,1
@discoverdpr,1
@mspr903fm,1
@wucx,1
@KEOSRADIO,1
@wugafm,1
@wbjb,1
@krcufm,1
@wamu885,1
@Classicalkusc,1
@wfuv,1
@Jazz919WCLKatl,1
@wbaanews,1
@kemc,1
@kpcwtwitter,1
@wcve,1
@wshunews,1
@WUOTFM,1
@WDIYFM,1
@kucofm,1
@nprillinois,1
@kasuradio,1
@gpbnewmedia,1
@whrvfm,1
@wsmcfm,1
@wxpr,1
@kunvradio,1
@KBSX915,1
@wcwpsports,1
@WVAS,1
@wsncradio,1
@wknofm,1
@wrtimusic,1
@whyy,1
@889weku,1
@wfdd,1
@KUTX,1
@Ottumwa_Radio,1
@kmuw,1
@wuftmedia,1
@kwgsnews,1
@kjazz881,1
@WBOI,1
@LCCRadio,1
@RGVpublicradio,1
@kbsx915,1
@WVIATVFM,1
@WCBE905Columbus,1
@KUOW,1
@911TheGlobe,1
@JPRnews,1
@wskg,1
@WLPR891,1
@WCMUNews,1
@WMOT,1
@jazz883kcck,1
@kexp,1
@wksu,1
@KCBS,1
@BSX915,1
@WMRAPublicRadio,1
@kalw,1
@officialktsu909,1
@marfaradio,1
@wmfeorlando,1
@wjffradio,1
